Transaction_ID,Customer_Name,Customer_Email,Card_Number,Transaction_Amount,Payment_Status
b4d5009d-fb41-4546-9e79-d0a61e71d75d,Robert,jamessalinas@example.com,**** **** **** 8815,86.95,Pending
467ab836-ba59-4059-83be-317175ada338,Lauren,farrellmargaret@example.com,**** **** **** 8166,364.46,Pending
9d19683a-cd74-44d9-8ae1-40f9f36cbe15,Paul,aprilhenry@example.org,**** **** **** 8281,430.74,Approved
c71007b2-a2bf-471e-b348-a1e0a2f76dcb,Melissa,warrendebbie@example.net,**** **** **** 1405,367.58,Approved
10f2efe8-6e05-4a30-9f16-042e0054c61d,Seth,eroberts@example.com,**** **** **** 9560,32.38,Approved
e6263def-dfc3-4ea0-80e9-ce01bc3ef440,Darrell,bavila@example.net,**** **** **** 7201,52.25,Approved
d6db7bb3-22e7-4224-bbe2-0536fee02919,Sandy,jbrooks@example.net,**** **** **** 2491,481.24,Approved
0b6abf9c-55d3-401c-b9a0-53454bfa2da8,Lee,john90@example.com,**** **** **** 2472,84.67,Pending
5bda88b6-51da-4601-bacc-ea359f37cd0a,Reginald,tjordan@example.net,**** **** **** 5523,98.05,Pending
5f009b20-b406-4ef3-8ded-bffb775f0778,Thomas,cannonanthony@example.com,**** **** **** 2110,301.81,Declined
b71c94c6-0443-4613-a0b6-061c1268e19f,Kristi,wilsonjennifer@example.org,**** **** **** 1069,170.92,Pending
40c33bfc-2fb9-4203-a52c-138c88e5010d,Robert,fpeck@example.net,**** **** **** 2945,26.14,Approved
58cba901-b50f-4046-89e1-d0a01f8f9672,Traci,gomezanthony@example.org,**** **** **** 6648,127.03,Declined
d22445b8-9d89-491e-a341-5f044c1e1607,Elizabeth,cflores@example.com,**** **** **** 4238,268.68,Pending
d159840d-c5a4-4d7b-b3ac-cf6027b3c549,Jason,luke33@example.org,**** **** **** 9934,409.86,Approved
a10e1d28-3deb-4c88-b9b8-b32d167eab68,Jessica,ruth09@example.net,**** **** **** 8764,126.06,Approved
b396304e-1f15-4876-8690-8f41f18ec1ab,Cheryl,iryan@example.net,**** **** **** 9567,57.05,Declined
70ca0d28-3e15-46d3-b894-02c326bd0c1a,Margaret,frivera@example.org,**** **** **** 1912,56.06,Pending
a0c91535-fe0a-42ff-80fd-01b19d4db691,Jonathan,michael39@example.net,**** **** **** 4599,374.12,Declined
cdf7a0a6-0448-48ae-b434-10006fe608a9,Jesse,petersenlynn@example.org,**** **** **** 3558,381.35,Approved
e48701f8-f60f-4cdf-9105-18b14d15712c,Alexandra,plogan@example.org,**** **** **** 9830,178.65,Declined
e47f24ae-17e4-41c1-8163-38c045398023,Raymond,etaylor@example.net,**** **** **** 1947,275.38,Pending
e14cc58e-ec92-4f7f-93a0-0e676b86e2b8,Marcus,marymclean@example.com,**** **** **** 9648,293.58,Pending
f0718943-e675-4979-ba95-1aebd0559e75,Andrew,robertlara@example.org,**** **** **** 1979,148.88,Approved
fe8b5d38-2efd-45ad-a142-52b0d347f199,Brooke,owells@example.org,**** **** **** 8698,49.97,Approved
b8f859a6-372e-4e69-a33d-d13b9eeda398,Ebony,don72@example.org,**** **** **** 8651,199.76,Pending
870acca0-1e7a-49a1-9b8d-8befd993bcdb,Annette,charles57@example.net,**** **** **** 3079,107.4,Pending
942caad6-aba6-44be-aa3a-38d655c331dc,Rebecca,lisaespinoza@example.org,**** **** **** 6796,389.4,Declined
4f40abdd-808c-452c-8717-80365f669b59,Jeffrey,ericbaker@example.com,**** **** **** 1600,412.04,Declined
caa25b48-967f-427c-a0bd-0f3d1081b058,Stephen,jsimmons@example.org,**** **** **** 7845,314.97,Approved
f6e83a17-c857-48f5-a916-d75477e83f29,Stacy,andersonanne@example.net,**** **** **** 4594,11.83,Approved
455a2a5f-4249-4441-bb7c-bf73f8928f92,James,rblackwell@example.com,**** **** **** 6021,466.2,Declined
8005c283-d0dd-4cb4-9607-1e8c9462542e,Melinda,christophercisneros@example.com,**** **** **** 8554,147.0,Approved
62436dad-114c-466c-8fbb-95dea856bb13,Alan,nataliewebster@example.com,**** **** **** 9621,120.3,Pending
e8ee623e-dc99-403a-8d70-0b2fde34a869,Stephanie,devin38@example.com,**** **** **** 9545,320.57,Declined
b12e3886-302b-4708-8da2-1f5f3cad764b,Alan,kwilson@example.com,**** **** **** 7378,196.98,Approved
5a70c92d-d1d3-483e-9a3f-ff192c79ddbb,Laurie,bruce39@example.com,**** **** **** 7761,331.39,Declined
50f73194-ad80-4b1f-aa64-ac80617ca25e,Christine,wsalas@example.com,**** **** **** 9376,443.85,Pending
336d0400-74f1-4204-8228-f4a5702c0206,Michelle,amy27@example.net,**** **** **** 2669,198.64,Approved
5fb6132a-bf13-41f6-8347-bd0478425d1f,Karen,brianbrown@example.net,**** **** **** 5877,308.03,Approved
dd398762-f063-42ef-bc5d-70a658d4b734,Paul,jacobthompson@example.com,**** **** **** 8019,186.58,Declined
cf8a38ac-eab7-400d-8e90-9019ac4f793f,Blake,hoalison@example.net,**** **** **** 7521,384.39,Approved
74de49c8-147d-41f1-adc2-09612a7b19af,Julie,fosterchristine@example.org,**** **** **** 2414,265.44,Declined
433948c9-6c2d-4f62-84ec-7a72a75baef1,Kenneth,emily95@example.org,**** **** **** 3577,164.15,Declined
7e1af398-4511-4db2-ba49-7c1879e4b4b5,Bryan,tina53@example.org,**** **** **** 6437,419.57,Pending
c29ff168-31ce-4183-8971-8d0f8561162a,Jennifer,richard30@example.net,**** **** **** 9143,477.89,Pending
f8634ae5-2729-47c0-b46d-3e9ababafdd5,Lisa,lthomas@example.com,**** **** **** 3949,350.78,Approved
46afc282-03fc-4213-8263-b5c03074167c,Angela,abigailmcgee@example.net,**** **** **** 1343,368.16,Approved
6b34de92-c68d-4a8f-ad02-a1cf661cf755,James,lmccall@example.com,**** **** **** 8165,200.5,Pending
a0abc526-6318-4e00-a90c-bcecd4acd078,David,davidmyers@example.net,**** **** **** 8762,422.69,Pending
33fae362-1625-45cb-8786-42674402fdee,Sally,susan48@example.org,**** **** **** 4976,44.46,Pending
27b5246d-55ae-47f7-a50f-db1f14d0135c,Michele,qcoleman@example.com,**** **** **** 9486,138.75,Declined
32547f3f-1b27-4c6a-9f59-72d1aea8d4f7,Amber,heatheradams@example.net,**** **** **** 1289,358.82,Approved
d0c50458-c801-4eba-973f-d98bddaa5fd2,Mark,wdaugherty@example.net,**** **** **** 2268,465.03,Pending
982caa9d-a870-426c-9b1d-54111522b06a,Chelsea,aaron83@example.org,**** **** **** 4338,144.5,Pending
88434c49-d6e8-46b3-88b4-f9ae9f202dde,Stephen,williamslisa@example.org,**** **** **** 7361,165.16,Approved
3b9515b2-fb8b-4dbf-be92-6efe6c19977f,Adam,angelamartinez@example.com,**** **** **** 8073,169.38,Declined
b0097471-f6e6-4471-9efe-53dbc3505270,Lori,robertbeasley@example.org,**** **** **** 5247,113.55,Pending
a776531f-5c89-44d6-a164-40fbfb5b0f04,Susan,tina44@example.org,**** **** **** 9646,67.69,Pending
599802fc-8a29-4fe6-915b-b396f07cda7b,Kristin,palexander@example.com,**** **** **** 6393,105.91,Pending
c89a7a04-1e8c-47a1-8ec3-c619c9e3f210,Sheila,melissa84@example.net,**** **** **** 9694,77.8,Approved
b24bf796-025d-467a-a569-d2a8160a16d3,Scott,sarah33@example.net,**** **** **** 9723,278.22,Pending
f34bedef-91c5-45fc-8971-da4767cb0987,Angela,hamptonyolanda@example.com,**** **** **** 2379,383.77,Approved
da6c9661-c4ea-46c9-9639-06e563d92b4d,Christopher,susan73@example.com,**** **** **** 3660,374.73,Declined
6002828d-966a-4cc2-9745-fc3d507a3dd4,Natalie,connieriddle@example.com,**** **** **** 7395,384.67,Approved
f5510bdd-4442-4ffb-af17-da4c3819412e,Angela,david28@example.com,**** **** **** 3919,276.3,Pending
2ab6bb9c-5c6e-490b-9f28-d8be5d5c12aa,Chelsea,davisjeanette@example.org,**** **** **** 2411,433.27,Approved
0fa07067-6b62-4041-a117-4cb8e19207b1,Pamela,bsmith@example.org,**** **** **** 7796,373.42,Approved
321d3d7f-f7fc-4a59-b061-c9154479d023,Manuel,edward36@example.com,**** **** **** 5513,382.82,Approved
8424b00d-6159-4061-aec0-030f075b073b,Andre,ana63@example.net,**** **** **** 7313,131.1,Pending
694b3aa9-086e-4964-b16b-1c83184f6b54,Sarah,chaneycarlos@example.net,**** **** **** 9048,220.54,Pending
4ddafa5b-1212-45c8-a571-3bfe3991d841,Kristy,kenneth52@example.net,**** **** **** 3995,286.04,Pending
6fb6b3bd-2259-495e-b283-7d4982edae4b,Douglas,staceyhaney@example.org,**** **** **** 7147,274.05,Approved
b3046d49-640b-4442-9dea-b14a3f2f4354,David,alexander14@example.org,**** **** **** 8093,416.63,Pending
d149961e-c79d-4ffa-bafe-03fa687b5dbb,Desiree,ortizkevin@example.com,**** **** **** 4600,454.27,Approved
29d76756-58aa-4471-97c6-0ba60459b6ec,Kelly,proctorjoseph@example.net,**** **** **** 6215,319.09,Declined
ccd2d90f-2fbd-4149-82b8-cfc7d8cfef8e,Melissa,stefanienguyen@example.net,**** **** **** 3871,26.25,Approved
cd8ef6be-a700-493a-8e42-5ad0b48193ce,Christine,davidsonrobin@example.com,**** **** **** 9254,23.54,Approved
f83f01bc-830c-497f-ae7f-924defd45988,Patricia,danielslaurie@example.org,**** **** **** 4777,371.35,Declined
807f8ef4-a023-4d08-9b97-ae4d3da7a107,Dennis,jennifer52@example.net,**** **** **** 7533,454.25,Declined
bd1198fe-71a5-40ea-9690-e4be39c90266,Christine,djefferson@example.org,**** **** **** 9441,237.68,Pending
5124bd88-0d41-4823-a481-dafa00b5df75,Sarah,sandywaters@example.com,**** **** **** 8881,141.06,Approved
92a69428-3f1d-4355-a5fb-610378fc043e,Chelsea,jonathanacosta@example.net,**** **** **** 3623,122.57,Approved
39af7980-de01-49d0-b560-8568a5815603,Linda,parkerjodi@example.com,**** **** **** 1171,25.14,Pending
2612754b-380c-49e1-941d-e78e64579d3a,Donald,scott31@example.com,**** **** **** 3587,473.08,Pending
69c791c9-0cad-460e-aa55-fbb2af568e35,Robert,carl44@example.org,**** **** **** 3181,441.48,Pending
589e5fde-4183-4d02-bc8b-b5eead1f19c1,Zachary,staffordkim@example.net,**** **** **** 2426,198.81,Declined
a6330c8e-1459-45b5-ba34-bafc659f9179,Alexa,christopheravila@example.net,**** **** **** 7561,58.61,Declined
51b07168-207a-4783-822b-52c2c30be712,Robert,gonzalezsandra@example.net,**** **** **** 3777,92.28,Pending
05bbf76e-721c-4c3e-bf52-33de8faee8cf,Kelly,djackson@example.net,**** **** **** 8905,492.05,Approved
0c9dea62-a120-4320-bb85-8f9edec7849a,Benjamin,fmarshall@example.org,**** **** **** 3695,51.87,Approved
6ea85793-0bb7-4acb-a047-2a9e8bfbe1a5,Jonathon,whitney59@example.net,**** **** **** 6458,275.08,Declined
934fb3fb-d5db-495d-aa6c-405b8405c314,Heather,joshua08@example.net,**** **** **** 4257,169.75,Declined
ca98b549-fbe3-4ab1-bcc9-d622a40b687f,Shelby,coxbarbara@example.net,**** **** **** 3223,489.99,Approved
d94ec976-f5c6-44f4-8e06-b57c7999675a,Teresa,glawson@example.org,**** **** **** 2069,278.89,Approved
ea0ac39c-badb-4c83-8090-a35582a98037,Elizabeth,stephen51@example.com,**** **** **** 7815,389.68,Pending
85b1ac84-95b6-47e4-ae79-a47da9aff457,Jessica,lstokes@example.org,**** **** **** 6762,164.05,Pending
2d3c8094-b507-4d0c-9687-e060388b9a8c,Julie,woodsjennifer@example.com,**** **** **** 5759,379.86,Pending
63a255d5-cd0e-48f2-91be-484ee3294af4,Elizabeth,jcook@example.org,**** **** **** 9593,126.13,Declined
d6bf1aac-bc85-4365-8e20-bea0aac8c8b9,Madison,rachelhernandez@example.com,**** **** **** 7899,108.26,Declined
